Algorithms, percent of models, TP, FN, TN, FP, Precision, Recall, F-Measure, Accuracy
J48 + Random Forest + Random Tree, 0.1, 0.9993176390310474, 6.82360968952576E-4, 0.8010101010101011, 0.198989898989899, 0.8339408768816234, 0.9993176390310474, 0.9091700062409789, 0.9492476409079317
J48 + Random Forest + Random Tree, 0.2, 0.9984646878198568, 0.0015353121801432957, 0.8202020202020202, 0.1797979797979798, 0.8474041614494262, 0.9984646878198568, 0.9167532480477066, 0.9534557510839071
J48 + Random Forest + Random Tree, 0.30000000000000004, 0.9973842829523485, 0.002615717047651541, 0.8508417508417508, 0.14915824915824916, 0.8699060479826483, 0.9973842829523485, 0.929293753123695, 0.960384255717079
J48 + Random Forest + Random Tree, 0.4, 0.9959911293074036, 0.004008870692596383, 0.8777777777777778, 0.12222222222222222, 0.8906986559809611, 0.9959911293074036, 0.9404068089630051, 0.9661438408569243
J48 + Random Forest + Random Tree, 0.5, 0.9944046400545888, 0.005595359945411122, 0.9012121212121212, 0.09878787878787879, 0.909633594188441, 0.9944046400545888, 0.9501320409882731, 0.9708747768426422
J48 + Random Forest + Random Tree, 0.6, 0.992550892755601, 0.007449107244398953, 0.9173400673400673, 0.08265993265993266, 0.9231221164202962, 0.992550892755601, 0.9565783684237052, 0.9735611663691235
J48 + Random Forest + Random Tree, 0.7, 0.9908368669883512, 0.009163133011648877, 0.9291486291486292, 0.07085137085137085, 0.9332653708253034, 0.9908368669883512, 0.9611898140589575, 0.9752614129048712
J48 + Random Forest + Random Tree, 0.7999999999999999, 0.9889542818150802, 0.011045718184919822, 0.9380050505050505, 0.06199494949494949, 0.9410105192068398, 0.9889542818150802, 0.9643868962893756, 0.9760902830910482
J48 + Random Forest + Random Tree, 0.8999999999999999, 0.9866939611054247, 0.01330603889457523, 0.9448933782267116, 0.05510662177328844, 0.9471044433273235, 0.9866939611054247, 0.966493955755753, 0.9761398736150075
J48 + Random Forest + Random Tree, 0.9999999999999999, 0.9763561924257932, 0.023643807574206754, 0.9504040404040404, 0.049595959595959596, 0.9516586036705268, 0.9763561924257932, 0.9638492117905754, 0.9698036215251211
J48 + Random Forest, 0.1, 0.9986352780620948, 0.001364721937905152, 0.695959595959596, 0.30404040404040406, 0.7666031474927916, 0.9986352780620948, 0.8673694570398842, 0.9222137209895435
J48 + Random Forest, 0.2, 0.9969293756397134, 0.0030706243602865915, 0.7570707070707071, 0.24292929292929294, 0.8040669480420121, 0.9969293756397134, 0.8901716788020634, 0.9363682733996429
J48 + Random Forest, 0.30000000000000004, 0.995678380529967, 0.004321619470032981, 0.7895622895622896, 0.21043771043771045, 0.825524498003443, 0.995678380529967, 0.9026527521434546, 0.9436368273399643
J48 + Random Forest, 0.4, 0.9947117024906176, 0.005288297509382463, 0.8148989898989899, 0.1851010101010101, 0.8431098358870798, 0.9947117024906176, 0.912657951524636, 0.9493114001530222
J48 + Random Forest, 0.5, 0.9929716820197885, 0.007028317980211532, 0.8408080808080808, 0.1591919191919192, 0.8618321920389603, 0.9929716820197885, 0.9227659843895949, 0.9545524100994645
J48 + Random Forest, 0.6, 0.9911293074036165, 0.008870692596383487, 0.8622895622895623, 0.1377104377104377, 0.8780070968386006, 0.9911293074036165, 0.9311450612272518, 0.9585989968545439
J48 + Random Forest, 0.7, 0.989472145050446, 0.010527854949554029, 0.8802308802308803, 0.11976911976911978, 0.8920260870491489, 0.989472145050446, 0.9382256658392183, 0.961890188363027
J48 + Random Forest, 0.7999999999999999, 0.9877175025588536, 0.012282497441146366, 0.8949494949494949, 0.10505050505050505, 0.9038675141301735, 0.9877175025588536, 0.9439340614606944, 0.9642948227492987
J48 + Random Forest, 0.8999999999999999, 0.9839266082868949, 0.016073391713105123, 0.90662177328844, 0.09337822671156004, 0.9133223729459137, 0.9839266082868949, 0.9473107573907195, 0.9644081725183485
J48 + Random Forest, 0.9999999999999999, 0.9778915046059365, 0.02210849539406346, 0.915959595959596, 0.08404040404040404, 0.9208608354677547, 0.9778915046059365, 0.9485196872945459, 0.9622545269064015
J48 + Random Tree, 0.1, 0.9986352780620948, 0.001364721937905152, 0.8232323232323232, 0.17676767676767677, 0.8496109984739002, 0.9986352780620948, 0.9181152170865187, 0.9543483805151747
J48 + Random Tree, 0.2, 0.9969293756397134, 0.0030706243602865915, 0.8580808080808081, 0.14191919191919192, 0.8753836146772417, 0.9969293756397134, 0.9322112755065417, 0.9618719714358582
J48 + Random Tree, 0.30000000000000004, 0.9955646537018082, 0.004435346298191744, 0.8946127946127946, 0.10538720538720539, 0.9042762819126274, 0.9955646537018082, 0.9477272402933511, 0.9700756609708407
J48 + Random Tree, 0.4, 0.994029341521665, 0.005970658478335039, 0.9184343434343434, 0.08156565656565656, 0.9241669432168234, 0.994029341521665, 0.9578259173274858, 0.9749426166794185
J48 + Random Tree, 0.5, 0.9921528488570454, 0.007847151142954622, 0.9347474747474748, 0.06525252525252526, 0.9382899625344976, 0.9921528488570454, 0.9644699691585491, 0.9776587605202754
J48 + Random Tree, 0.6, 0.9903332196065052, 0.009666780393494825, 0.9456228956228956, 0.05437710437710438, 0.9479500650766447, 0.9903332196065052, 0.9686782601821927, 0.9790444614469098
J48 + Random Tree, 0.7, 0.9883511234585953, 0.01164887654140469, 0.9533910533910533, 0.04660894660894661, 0.9549654639276036, 0.9883511234585953, 0.971371515339651, 0.9795241738623529
J48 + Random Tree, 0.7999999999999999, 0.9866939611054247, 0.01330603889457523, 0.9592171717171717, 0.04078282828282828, 0.9603077863130028, 0.9866939611054247, 0.9733220782301909, 0.9797564396837541
J48 + Random Tree, 0.8999999999999999, 0.9827514310625877, 0.017248568937412334, 0.9637485970819304, 0.03625140291806959, 0.9644246299331121, 0.9827514310625877, 0.9735017846656502, 0.977953469919805
J48 + Random Tree, 0.9999999999999999, 0.9750255885363357, 0.02497441146366428, 0.9673737373737373, 0.03262626262626263, 0.9676214928910026, 0.9750255885363357, 0.9713094309371562, 0.9730935985717929
Random Forest, 0.1, 0.9986352780620948, 0.001364721937905152, 0.6737373737373737, 0.32626262626262625, 0.7537450808868801, 0.9986352780620948, 0.8590788233792603, 0.9166029074215761
Random Forest, 0.2, 0.9979529170931423, 0.0020470829068577278, 0.7126262626262626, 0.2873737373737374, 0.7764196857078851, 0.9979529170931423, 0.8733569138946086, 0.9259117572047947
Random Forest, 0.30000000000000004, 0.9968156488115546, 0.003184351188445354, 0.7656565656565657, 0.23434343434343435, 0.8096562519419489, 0.9968156488115546, 0.8935406321650531, 0.9384510754059339
Random Forest, 0.4, 0.9954793585806891, 0.004520641419310816, 0.7984848484848485, 0.2015151515151515, 0.8316490595274187, 0.9954793585806891, 0.9062192499855295, 0.9457408824279521
Random Forest, 0.5, 0.9944046400545888, 0.005595359945411122, 0.8224242424242424, 0.17757575757575758, 0.8484823142649809, 0.9944046400545888, 0.9156663118502312, 0.9509818923743942
Random Forest, 0.6, 0.993290117138633, 0.006709882861366996, 0.8407407407407408, 0.15925925925925927, 0.861820011775115, 0.993290117138633, 0.9228964761782323, 0.9547734421491116
Random Forest, 0.7, 0.9919091485109909, 0.008090851489009114, 0.8578643578643579, 0.14213564213564214, 0.8746648780471922, 0.9919091485109909, 0.9296048076014696, 0.9580646336575946
Random Forest, 0.7999999999999999, 0.9908734220402593, 0.009126577959740702, 0.8707070707070707, 0.1292929292929293, 0.8845770281002918, 0.9908734220402593, 0.9347129025202998, 0.960533027288957
Random Forest, 0.8999999999999999, 0.9859357822510331, 0.01406421774896698, 0.8843995510662177, 0.11560044893378227, 0.8950552458819787, 0.9859357822510331, 0.938300056521202, 0.9602992433902916
Random Forest, 0.9999999999999999, 0.981985670419652, 0.018014329580348005, 0.8953535353535353, 0.10464646464646464, 0.903696512122663, 0.981985670419652, 0.941215898976402, 0.9601122162713593
J48 + Random Forest + SVM, 0.1, 1.0, 0.0, 0.22525252525252526, 0.7747474747474747, 0.5634604439385316, 1.0, 0.7207863123407353, 0.804386636062229
J48 + Random Forest + SVM, 0.2, 1.0, 0.0, 0.24444444444444444, 0.7555555555555555, 0.569620253164557, 1.0, 0.7258064516129034, 0.8092323386891099
J48 + Random Forest + SVM, 0.30000000000000004, 0.9997725463436825, 2.274536563175253E-4, 0.39057239057239057, 0.6094276094276094, 0.6212853899858655, 0.9997725463436825, 0.7663440799145169, 0.8459576638612599
J48 + Random Forest + SVM, 0.4, 0.9986352780620948, 0.001364721937905152, 0.5191919191919192, 0.4808080808080808, 0.6750074425456442, 0.9986352780620948, 0.8055318339815994, 0.8775822494261668
J48 + Random Forest + SVM, 0.5, 0.9974752644148754, 0.002524735585124531, 0.6022222222222222, 0.3977777777777778, 0.7149063533646439, 0.9974752644148754, 0.8328767331419569, 0.8976791634787045
J48 + Random Forest + SVM, 0.6, 0.9957352439440464, 0.004264756055953599, 0.6627946127946128, 0.33720538720538723, 0.7470214506743597, 0.9957352439440464, 0.8536310188514745, 0.9116721924679079
J48 + Random Forest + SVM, 0.7, 0.9935663108641615, 0.006433689135838573, 0.7101010101010101, 0.2898989898989899, 0.7741279100209291, 0.9935663108641615, 0.8702267650242849, 0.9219951178635187
J48 + Random Forest + SVM, 0.7999999999999999, 0.9912572500852951, 0.008742749914704879, 0.7462121212121212, 0.2537878787878788, 0.7961617029757234, 0.9912572500852951, 0.8830622042620799, 0.929386636062229
J48 + Random Forest + SVM, 0.8999999999999999, 0.9875279578452557, 0.012472042154744303, 0.7744107744107744, 0.2255892255892256, 0.8140416864341536, 0.9875279578452557, 0.8924316933934204, 0.9337187225481028
J48 + Random Forest + SVM, 0.9999999999999999, 0.9442852268850221, 0.05571477311497782, 0.796969696969697, 0.20303030303030303, 0.8230388260801392, 0.9442852268850221, 0.8795030015195373, 0.9070900280540678
J48, 0.1, 0.9941999317639031, 0.005800068236096895, 0.8242424242424242, 0.17575757575757575, 0.8497743938325478, 0.9941999317639031, 0.9163312445684489, 0.9512879367508289
J48, 0.2, 0.991641078130331, 0.008358921869669056, 0.843939393939394, 0.15606060606060607, 0.8640233710464407, 0.991641078130331, 0.923443963777393, 0.9543483805151747
J48, 0.30000000000000004, 0.9898783122938701, 0.010121687706129876, 0.8565656565656565, 0.14343434343434344, 0.8734379760877379, 0.9898783122938701, 0.9280199127267369, 0.9562186517044972
J48, 0.4, 0.9883145684066872, 0.011685431593312862, 0.8707070707070707, 0.1292929292929293, 0.8843127577802992, 0.9883145684066872, 0.9334256414187291, 0.9586202499362407
J48, 0.5, 0.9868304332992153, 0.013169566700784716, 0.8816161616161616, 0.11838383838383838, 0.8928860752010015, 0.9868304332992153, 0.9375106815234298, 0.9602652384595767
J48, 0.6, 0.9849880586830433, 0.01501194131695667, 0.8964646464646465, 0.10353535353535354, 0.9048845873472304, 0.9849880586830433, 0.9432387043598467, 0.9626370823769447
J48, 0.7, 0.9833796363990837, 0.016620363600916312, 0.9095238095238095, 0.09047619047619047, 0.9157464268369622, 0.9833796363990837, 0.9483587274056213, 0.964732029001348
J48, 0.7999999999999999, 0.982173319686114, 0.017826680313886047, 0.9193181818181818, 0.08068181818181819, 0.924089543995935, 0.982173319686114, 0.9522465263375122, 0.9663032389696506
J48, 0.8999999999999999, 0.978770992077031, 0.02122900792296903, 0.9282828282828283, 0.07171717171717172, 0.931729671795501, 0.978770992077031, 0.9546711942642215, 0.9660234067273088
J48, 0.9999999999999999, 0.9760491299897646, 0.023950870010235416, 0.9354545454545454, 0.06454545454545454, 0.9379725250306932, 0.9760491299897646, 0.9566320888890104, 0.9657995409334353
J48 + SVM, 0.1, 1.0, 0.0, 0.22323232323232323, 0.7767676767676768, 0.5628197839681637, 1.0, 0.7202619134230629, 0.8038765621015047
J48 + SVM, 0.2, 1.0, 0.0, 0.24444444444444444, 0.7555555555555555, 0.569620253164557, 1.0, 0.7258064516129034, 0.8092323386891099
J48 + SVM, 0.30000000000000004, 1.0, 0.0, 0.26026936026936026, 0.7397306397306397, 0.5748016257015676, 1.0, 0.7299987710458399, 0.813227918048117
J48 + SVM, 0.4, 0.9989764585465711, 0.0010235414534288639, 0.3373737373737374, 0.6626262626262627, 0.6012125797684351, 0.9989764585465711, 0.7506578277815802, 0.8319306299413415
J48 + SVM, 0.5, 0.9969976117366086, 0.003002388263391334, 0.4614141414141414, 0.5385858585858586, 0.6492630527777449, 0.9969976117366086, 0.7864048834565195, 0.8617699566437134
J48 + SVM, 0.6, 0.9947117024906176, 0.005288297509382463, 0.5493265993265993, 0.45067340067340067, 0.688198391081481, 0.9947117024906176, 0.8135419662151264, 0.882257927399473
J48 + SVM, 0.7, 0.9922015889262563, 0.0077984110737437246, 0.6121212121212121, 0.3878787878787879, 0.7189447843778876, 0.9922015889262563, 0.8337546904681942, 0.8962363828469414
J48 + SVM, 0.7999999999999999, 0.9897219379051518, 0.010278062094848175, 0.6592171717171718, 0.3407828282828283, 0.7438695170862087, 0.9897219379051518, 0.8493627237021666, 0.9062739097169089
J48 + SVM, 0.8999999999999999, 0.9580348004094166, 0.04196519959058342, 0.6970819304152638, 0.30291806958473627, 0.7597705062631398, 0.9580348004094166, 0.847461097596337, 0.892147694749072
J48 + SVM, 0.9999999999999999, 0.9189013988399863, 0.08109860116001365, 0.7273737373737373, 0.2726262626262626, 0.7711960272153657, 0.9189013988399863, 0.8385943878300786, 0.8705432287681714
Random Forest + SVM, 0.1, 1.0, 0.0, 0.2313131313131313, 0.7686868686868686, 0.5653912050256996, 1.0, 0.7223641006931777, 0.8059168579444019
Random Forest + SVM, 0.2, 1.0, 0.0, 0.2585858585858586, 0.7414141414141414, 0.574245939675174, 1.0, 0.7295504789977892, 0.81280285641418
Random Forest + SVM, 0.30000000000000004, 1.0, 0.0, 0.2831649831649832, 0.7168350168350168, 0.5824671504216513, 1.0, 0.7361507002106829, 0.8190087562696591
Random Forest + SVM, 0.4, 0.9998294097577619, 1.70590242238144E-4, 0.3515151515151515, 0.6484848484848484, 0.6065769344395249, 0.9998294097577619, 0.7550685547577247, 0.836138740117317
Random Forest + SVM, 0.5, 0.9993176390310474, 6.82360968952576E-4, 0.43353535353535355, 0.5664646464646464, 0.6382225985617691, 0.9993176390310474, 0.7789574701487078, 0.8564651874521806
Random Forest + SVM, 0.6, 0.9978391902649835, 0.0021608097350164905, 0.517003367003367, 0.482996632996633, 0.6738351237797527, 0.9978391902649835, 0.8044379083119652, 0.8764345830145371
Random Forest + SVM, 0.7, 0.9962470146707608, 0.0037529853292391675, 0.5797979797979798, 0.4202020202020202, 0.7033412358251486, 0.9962470146707608, 0.8245545428796601, 0.8910992093853609
Random Forest + SVM, 0.7999999999999999, 0.9943705220061413, 0.005629477993858751, 0.6277777777777778, 0.37222222222222223, 0.7276275439085587, 0.9943705220061413, 0.840339365048091, 0.9018107625605712
Random Forest + SVM, 0.8999999999999999, 0.9625459645930475, 0.0374540354069525, 0.6689113355780022, 0.33108866442199775, 0.7440632331602904, 0.9625459645930475, 0.8393193514054967, 0.888407152370427
Random Forest + SVM, 0.9999999999999999, 0.9225861480723303, 0.07741385192766974, 0.702020202020202, 0.29797979797979796, 0.7558675146200812, 0.9225861480723303, 0.8309468581309789, 0.8668961999489926
SVM, 0.1, 0.9996588195155237, 3.41180484476288E-4, 0.2585858585858586, 0.7414141414141414, 0.5741625089518045, 0.9996588195155237, 0.7293923465477391, 0.8125478194338179
SVM, 0.2, 0.9993176390310474, 6.82360968952576E-4, 0.29494949494949496, 0.705050505050505, 0.5863273392554272, 0.9993176390310474, 0.7390396468158604, 0.8214741137464933
SVM, 0.30000000000000004, 0.9992039122028886, 7.960877971113385E-4, 0.31212121212121213, 0.6878787878787879, 0.5922672979543412, 0.9992039122028886, 0.743709088054876, 0.8257247300858624
SVM, 0.4, 0.9991470487888093, 8.529512111907199E-4, 0.32272727272727275, 0.6772727272727272, 0.5960005143438093, 0.9991470487888093, 0.7466295517058957, 0.8283601122162714
SVM, 0.5, 0.9989764585465711, 0.0010235414534288639, 0.3292929292929293, 0.6707070707070707, 0.5983028765895052, 0.9989764585465711, 0.7483856776281292, 0.8298903340984443
SVM, 0.6, 0.9984078244057774, 0.001592175594222677, 0.33585858585858586, 0.6641414141414141, 0.600528273844226, 0.9984078244057774, 0.7499638391292657, 0.8311230128368613
SVM, 0.7, 0.9972705561241897, 0.002729443875810304, 0.3447330447330447, 0.6552669552669552, 0.6034783169821446, 0.9972705561241897, 0.751937005106603, 0.8325135716107407
SVM, 0.7999999999999999, 0.996417604912999, 0.0035823950870010235, 0.35138888888888886, 0.6486111111111111, 0.6057144141053372, 0.996417604912999, 0.7534266821955489, 0.8335564906911502
SVM, 0.8999999999999999, 0.949998104552864, 0.05000189544713598, 0.42210998877665545, 0.5778900112233446, 0.6217720360173358, 0.949998104552864, 0.7516140438526959, 0.8167134234463997
SVM, 0.9999999999999999, 0.912862504264756, 0.08713749573524394, 0.47868686868686866, 0.5213131313131313, 0.6365067719874677, 0.912862504264756, 0.7500383217401132, 0.8032389696505994
J48 + Random Tree + SVM, 0.1, 1.0, 0.0, 0.22727272727272727, 0.7727272727272727, 0.5641025641025641, 1.0, 0.7213114754098361, 0.8048967100229534
J48 + Random Tree + SVM, 0.2, 1.0, 0.0, 0.2585858585858586, 0.7414141414141414, 0.574245939675174, 1.0, 0.7295504789977892, 0.81280285641418
J48 + Random Tree + SVM, 0.30000000000000004, 0.9996588195155237, 3.41180484476288E-4, 0.47003367003367, 0.52996632996633, 0.6535318929962343, 0.9996588195155237, 0.7903612278050643, 0.8659355606562952
J48 + Random Tree + SVM, 0.4, 0.9985499829409757, 0.0014500170590242237, 0.5969696969696969, 0.403030303030303, 0.7124457963169711, 0.9985499829409757, 0.8315774315553469, 0.897156337668962
J48 + Random Tree + SVM, 0.5, 0.9970658478335039, 0.0029341521664960762, 0.674949494949495, 0.32505050505050503, 0.7541437980541927, 0.9970658478335039, 0.858756148541113, 0.9157357816883448
J48 + Random Tree + SVM, 0.6, 0.9950528829750939, 0.004947117024906175, 0.7286195286195286, 0.2713804713804714, 0.7857127890329725, 0.9950528829750939, 0.8780782201804703, 0.9277820283941172
J48 + Random Tree + SVM, 0.7, 0.9929326899644197, 0.007067310035580251, 0.7673881673881674, 0.2326118326118326, 0.8101971586288416, 0.9929326899644197, 0.8923053930325492, 0.9359857179290997
J48 + Random Tree + SVM, 0.7999999999999999, 0.990532241555783, 0.009467758444216991, 0.7964646464646464, 0.20353535353535354, 0.8295445296630641, 0.990532241555783, 0.9029186190725711, 0.9415327722519765
J48 + Random Tree + SVM, 0.8999999999999999, 0.9869214147617423, 0.013078585238257705, 0.8190796857463524, 0.18092031425364757, 0.845081478287146, 0.9869214147617423, 0.9105105797645027, 0.944543625492363
J48 + Random Tree + SVM, 0.9999999999999999, 0.9423404981235073, 0.057659501876492665, 0.8371717171717171, 0.16282828282828282, 0.8526665920765041, 0.9423404981235073, 0.8952636070324544, 0.9157867890844172
Random Forest + Random Tree, 0.1, 0.9993176390310474, 6.82360968952576E-4, 0.7383838383838384, 0.26161616161616164, 0.792521890140561, 0.9993176390310474, 0.8839866419308566, 0.9334353481254782
Random Forest + Random Tree, 0.2, 0.998805868304333, 0.001194131695667008, 0.8136363636363636, 0.18636363636363637, 0.8427536013797057, 0.998805868304333, 0.9141678631068932, 0.9520530476919153
Random Forest + Random Tree, 0.30000000000000004, 0.9982940975776186, 0.0017059024223814397, 0.8481481481481481, 0.15185185185185185, 0.8679716674851762, 0.9982940975776186, 0.9285826367670628, 0.960384255717079
Random Forest + Random Tree, 0.4, 0.9971852610030706, 0.0028147389969293756, 0.8734848484848485, 0.12651515151515152, 0.8874120271686738, 0.9971852610030706, 0.9391016314025549, 0.9659525631216527
Random Forest + Random Tree, 0.5, 0.9959058341862845, 0.0040941658137154556, 0.8963636363636364, 0.10363636363636364, 0.9057458969363905, 0.9959058341862845, 0.948688561934215, 0.9707727620504973
Random Forest + Random Tree, 0.6, 0.9941430683498237, 0.005856931650176277, 0.912962962962963, 0.08703703703703704, 0.9194981145108159, 0.9941430683498237, 0.9553647623063618, 0.9736461786959109
Random Forest + Random Tree, 0.7, 0.9926402495491543, 0.00735975045084564, 0.9252525252525252, 0.07474747474747474, 0.9299715810421835, 0.9926402495491543, 0.9602845541581925, 0.9756257514482457
Random Forest + Random Tree, 0.7999999999999999, 0.9912572500852951, 0.008742749914704879, 0.9345959595959596, 0.06540404040404041, 0.9381031168712993, 0.9912572500852951, 0.9639479817791953, 0.9769510328997705
Random Forest + Random Tree, 0.8999999999999999, 0.9876037757306949, 0.01239622426930513, 0.9418630751964086, 0.05813692480359147, 0.94440598441479, 0.9876037757306949, 0.9655219505314259, 0.9760548612882202
Random Forest + Random Tree, 0.9999999999999999, 0.9788809280109178, 0.021119071989082226, 0.9476767676767677, 0.05232323232323232, 0.9492600647516032, 0.9788809280109178, 0.9638429726826511, 0.9710022953328232
Random Tree + SVM, 0.1, 1.0, 0.0, 0.3090909090909091, 0.6909090909090909, 0.5913978494623656, 1.0, 0.7432432432432433, 0.8255547054322877
Random Tree + SVM, 0.2, 1.0, 0.0, 0.3297979797979798, 0.6702020202020202, 0.598729966737224, 1.0, 0.7490069982977112, 0.8307829635297118
Random Tree + SVM, 0.30000000000000004, 1.0, 0.0, 0.3424242424242424, 0.6575757575757576, 0.603290676416819, 1.0, 0.7525655644241733, 0.8339709257842387
Random Tree + SVM, 0.4, 0.9997441146366428, 2.5588536335721597E-4, 0.39646464646464646, 0.6035353535353535, 0.6235619768626591, 0.9997441146366428, 0.7680651477182017, 0.8474241264983423
Random Tree + SVM, 0.5, 0.9991811668372569, 8.188331627430911E-4, 0.5141414141414141, 0.4858585858585859, 0.6728312592463667, 0.9991811668372569, 0.8041570890391724, 0.8767151236929355
Random Tree + SVM, 0.6, 0.9977823268509042, 0.002217673149095872, 0.5947811447811447, 0.4052188552188552, 0.7111771106129352, 0.9977823268509042, 0.8304468048505007, 0.8960299243390292
Random Tree + SVM, 0.7, 0.9960033143247063, 0.0039966856752936585, 0.6526695526695526, 0.3473304473304473, 0.7414414367859755, 0.9960033143247063, 0.8500737971028122, 0.909316136554086
Random Tree + SVM, 0.7999999999999999, 0.9936028659160696, 0.0063971340839304, 0.6960858585858586, 0.3039141414141414, 0.7657725180500875, 0.9936028659160696, 0.8649362444290832, 0.918483805151747
Random Tree + SVM, 0.8999999999999999, 0.9610675158269836, 0.03893248417301642, 0.7298540965207632, 0.27014590347923684, 0.7805856407644891, 0.9610675158269836, 0.8614752022474127, 0.9026892232707076
Random Tree + SVM, 0.9999999999999999, 0.9200614124872057, 0.07993858751279427, 0.7568686868686869, 0.24313131313131314, 0.7909793383533843, 0.9200614124872057, 0.850651355832508, 0.8788574343279776
Random Forest + Random Tree + SVM, 0.1, 1.0, 0.0, 0.2515151515151515, 0.7484848484848485, 0.5719237435008665, 1.0, 0.7276736493936052, 0.811017597551645
Random Forest + Random Tree + SVM, 0.2, 1.0, 0.0, 0.2909090909090909, 0.7090909090909091, 0.5851063829787234, 1.0, 0.7382550335570469, 0.8209640397857689
Random Forest + Random Tree + SVM, 0.30000000000000004, 0.9997725463436825, 2.274536563175253E-4, 0.4383838383838384, 0.5616161616161616, 0.6403098352427656, 0.9997725463436825, 0.7806488279086738, 0.8580294142650684
Random Forest + Random Tree + SVM, 0.4, 0.9994029341521665, 5.97065847833504E-4, 0.5611111111111111, 0.4388888888888889, 0.6948540749116385, 0.9994029341521665, 0.8197566219991698, 0.888740117317011
Random Forest + Random Tree + SVM, 0.5, 0.9986352780620948, 0.001364721937905152, 0.637979797979798, 0.362020202020202, 0.7339369095854404, 0.9986352780620948, 0.8460660918019943, 0.9075745983167559
Random Forest + Random Tree + SVM, 0.6, 0.9973274195382691, 0.0026725804617309225, 0.695959595959596, 0.30404040404040406, 0.7663685865504853, 0.9973274195382691, 0.8667257874383635, 0.9212360792314885
Random Forest + Random Tree + SVM, 0.7, 0.9955159136325974, 0.004484086367402642, 0.7389610389610389, 0.261038961038961, 0.7922582082957642, 0.9955159136325974, 0.8823325546448275, 0.9307392429045068
Random Forest + Random Tree + SVM, 0.7999999999999999, 0.9935175707949505, 0.006482429205049471, 0.7715909090909091, 0.22840909090909092, 0.8130746319991395, 0.9935175707949505, 0.8942847555850483, 0.9374840601887273
Random Forest + Random Tree + SVM, 0.8999999999999999, 0.9901057659501876, 0.00989423404981235, 0.796969696969697, 0.20303030303030303, 0.829834745333122, 0.9901057659501876, 0.9029132117739068, 0.9413414945167049
Random Forest + Random Tree + SVM, 0.9999999999999999, 0.9451040600477653, 0.05489593995223473, 0.8172727272727273, 0.18272727272727274, 0.8379835109939082, 0.9451040600477653, 0.8883261050726194, 0.9128283601122162
Random Tree, 0.1, 0.9982940975776186, 0.0017059024223814397, 0.9373737373737374, 0.06262626262626263, 0.94096987391756, 0.9982940975776186, 0.9687847399196542, 0.9829125223157358
Random Tree, 0.2, 0.9977823268509042, 0.002217673149095872, 0.9585858585858585, 0.04141414141414142, 0.9601479193984531, 0.9977823268509042, 0.9786034277509517, 0.9878857434327978
Random Tree, 0.30000000000000004, 0.9970431024678722, 0.0029568975321278288, 0.9693602693602693, 0.03063973063973064, 0.9701856159773736, 0.9970431024678722, 0.9834310240125825, 0.990053557765876
Random Tree, 0.4, 0.9957352439440464, 0.004264756055953599, 0.9762626262626263, 0.023737373737373738, 0.9767160261828715, 0.9957352439440464, 0.9861339393522073, 0.9908186687069626
Random Tree, 0.5, 0.9945411122483794, 0.005458887751620608, 0.981010101010101, 0.01898989898989899, 0.9812636231360123, 0.9945411122483794, 0.9878577550556402, 0.9911247130833971
Random Tree, 0.6, 0.9931763903104742, 0.006823609689525759, 0.9841750841750841, 0.015824915824915825, 0.9843162583351579, 0.9931763903104742, 0.9887264754655589, 0.9909036810337499
Random Tree, 0.7, 0.9907393868499293, 0.009260613150070674, 0.9864357864357864, 0.013564213564213565, 0.986493911244946, 0.9907393868499293, 0.9886120911474847, 0.9896527853681641
Random Tree, 0.7999999999999999, 0.9889116342545207, 0.011088365745479358, 0.9881313131313131, 0.011868686868686869, 0.9881405672971604, 0.9889116342545207, 0.9885259504145469, 0.9887146136189747
Random Tree, 0.8999999999999999, 0.9818416164373176, 0.018158383562682436, 0.9894500561167228, 0.010549943883277216, 0.9893691721039334, 0.9818416164373176, 0.9855910213545874, 0.9837626455836096
Random Tree, 0.9999999999999999, 0.9761856021835551, 0.0238143978164449, 0.9905050505050506, 0.009494949494949495, 0.9903671128756871, 0.9761856021835551, 0.9832252235722218, 0.9798010711553176
J48 + Random Forest + Random Tree + SVM, 0.1, 1.0, 0.0, 0.22727272727272727, 0.7727272727272727, 0.5641025641025641, 1.0, 0.7213114754098361, 0.8048967100229534
J48 + Random Forest + Random Tree + SVM, 0.2, 0.9996588195155237, 3.41180484476288E-4, 0.3464646464646465, 0.6535353535353535, 0.6046832464154585, 0.9996588195155237, 0.7535511947593551, 0.8347360367253251
J48 + Random Forest + Random Tree + SVM, 0.30000000000000004, 0.9993176390310474, 6.82360968952576E-4, 0.530976430976431, 0.469023569023569, 0.6805758998993352, 0.9993176390310474, 0.8097078602991389, 0.8810677548244495
J48 + Random Forest + Random Tree + SVM, 0.4, 0.9984646878198568, 0.0015353121801432957, 0.6315656565656566, 0.36843434343434345, 0.7304597230592182, 0.9984646878198568, 0.8436901402513809, 0.9058275950012752
J48 + Random Forest + Random Tree + SVM, 0.5, 0.9972023200272945, 0.002797679972705561, 0.7006060606060606, 0.2993939393939394, 0.7690923930880528, 0.9972023200272945, 0.8684176123134502, 0.9223157357816884
J48 + Random Forest + Random Tree + SVM, 0.6, 0.9953372000454908, 0.004662799954509269, 0.75, 0.25, 0.7992511586493459, 0.9953372000454908, 0.8865814898762868, 0.9333928419620845
J48 + Random Forest + Random Tree + SVM, 0.7, 0.9933226105181069, 0.006677389481893064, 0.7857142857142857, 0.21428571428571427, 0.8225536294472585, 0.9933226105181069, 0.8999083753739499, 0.9409042882646556
J48 + Random Forest + Random Tree + SVM, 0.7999999999999999, 0.9911293074036165, 0.008870692596383487, 0.8125, 0.1875, 0.8409169033705426, 0.9911293074036165, 0.9098650275523887, 0.9460277990308594
J48 + Random Forest + Random Tree + SVM, 0.8999999999999999, 0.987035141589901, 0.012964858410098942, 0.8333333333333334, 0.16666666666666666, 0.8555374833653704, 0.987035141589901, 0.9165940594059405, 0.948227492986483
J48 + Random Forest + Random Tree + SVM, 0.9999999999999999, 0.9415899010576595, 0.0584100989423405, 0.85, 0.15, 0.8625857569269718, 0.9415899010576595, 0.9003580487566166, 0.9184646773782198
